verb_class,noun_class,avg_mae,avg_quality_score,avg_output
7,188,0.8199503232132304,0.8863636363636362,0.06641331
64,61,0.7987007200717926,1.0,0.20129928
1,45,0.7896810621023178,1.0,0.21031894
17,101,0.7889585942029953,1.0,0.2110414
3,75,0.7627341151237488,0.0,0.7627341
3,47,0.749761551618576,1.0,0.25023845
5,47,0.7420565301463716,0.9404761904761904,0.19841966
16,138,0.7349574863910675,1.0,0.2650425
15,23,0.7184883952140808,0.0,0.7184884
9,75,0.6836848556995392,1.0,0.31631514
7,83,0.6829964220523834,1.0,0.31700358
5,97,0.6729252934455872,1.0,0.3270747
20,153,0.6595526933670044,0.0,0.6595527
22,139,0.649656355381012,1.0,0.35034364
1,105,0.6374530792236328,0.0,0.6374531
2,23,0.6348152756690979,0.0,0.6348153
1,184,0.6298635005950928,1.0,0.3701365
0,97,0.6238664090633392,1.0,0.3761336
16,47,0.6232834756374359,1.0,0.37671652
0,103,0.6097321120046433,0.4702380952380952,0.58203
38,1,0.6074394697234743,0.9404761904761904,0.33303672
85,53,0.6038019061088562,0.0,0.6038019
0,156,0.6011768579483032,0.0,0.60117686
2,106,0.6007258106361735,0.8863636363636362,0.28563783
7,74,0.58721228937308,0.7916666666666667,0.20445438
1,86,0.584474545149576,0.9404761904761904,0.35600165
69,138,0.5815897583961487,1.0,0.41841024
34,72,0.5807440876960754,0.0,0.5807441
5,76,0.5799711460158937,0.9404761904761904,0.36050504
15,66,0.5675977170467377,1.0,0.43240228
1,94,0.562583863735199,0.0,0.56258386
11,6,0.5517601782367342,0.9404761904761904,0.388716
5,23,0.550100177526474,0.5,0.536728
12,5,0.5481899976730347,1.0,0.45181
0,132,0.5468329900786989,0.9404761904761904,0.3936432
0,108,0.5421314835548401,1.0,0.45786852
12,16,0.5404559577053243,0.4431818181818181,0.5408507
0,251,0.5320698618888855,0.0,0.53206986
1,182,0.5183942019939423,1.0,0.4816058
0,60,0.5119152814149857,0.5,0.42406434
5,8,0.5116752982139587,1.0,0.4883247
21,28,0.502467971472513,0.9404761904761904,0.43800822
5,79,0.5010865146205538,0.9404761904761904,0.43938968
35,126,0.4997013062238693,0.5,0.46068293
15,16,0.48804357647895813,0.0,0.48804358
1,52,0.48666756396943867,0.4431818181818181,0.4447478
3,23,0.48608930054165056,0.9404761904761904,0.4543869
11,18,0.4854782630096781,0.8863636363636362,0.40088537
1,115,0.482904271947013,0.2222222222222222,0.7051265
1,20,0.480098232626915,0.5,0.46269685
25,16,0.4769005832217988,0.4702380952380952,0.48832837
1,119,0.47617415058148377,0.36201298701298706,0.7197436
25,48,0.47471201447425065,0.6296296296296297,0.15491761
1,173,0.4702472984790802,0.0,0.4702473
2,26,0.4694191129768597,0.8529411764705883,0.38352206
5,95,0.46645341316858935,0.7916666666666667,0.32521325
66,9,0.4644480347633362,0.0,0.46444803
5,136,0.4631240665912628,0.0,0.46312407
2,17,0.45947481285441993,0.8863636363636362,0.42688882
25,18,0.455664342476262,0.2222222222222222,0.40933555
1,57,0.4554550780190362,0.7222222222222222,0.26676714
12,222,0.45336729288101196,0.0,0.4533673
1,116,0.45001348853111267,0.0,0.4500135
0,110,0.4498734474182129,1.0,0.55012655
1,59,0.4469552692912873,0.4702380952380952,0.4738851
30,57,0.4466897211141056,0.33611111111111114,0.3202504
72,55,0.4466876295350846,0.4702380952380952,0.32143408
15,21,0.44083505868911743,0.0,0.44083506
0,196,0.43672656064683735,0.4431818181818181,0.43693936
3,116,0.4335835060557802,0.7635135135135134,0.32993
52,41,0.43293023109436035,1.0,0.56706977
17,114,0.4296804368495941,0.0,0.42968044
11,1,0.42840902010599774,0.3333333333333333,0.36197853
1,61,0.42675115168094635,0.0,0.42675114
5,134,0.42463546991348267,1.0,0.57536453
11,76,0.4219386577606201,0.0,0.42193866
5,101,0.4211863392875307,0.9404761904761904,0.51928985
5,119,0.4191923472616408,0.4444444444444444,0.8636368
1,33,0.4190212003295384,0.3462301587301587,0.5155978
2,46,0.4162453027332531,0.8529411764705883,0.43669587
3,86,0.414910809254982,0.806338028169014,0.39142722
11,23,0.4142437279224396,0.0,0.41424373
1,58,0.4139730632305145,0.0,0.41397306
12,161,0.41212466855843866,0.39583333333333337,0.4641025
18,105,0.40762967812387574,0.736842105263158,0.32921243
0,25,0.407546781900884,0.3301820728291316,0.50247914
11,79,0.40508503857113054,0.9404761904761904,0.53539115
10,47,0.4049757142400264,0.4761498178506375,0.51007086
26,116,0.40336230397224426,0.0,0.4033623
12,47,0.4019559174776077,0.5,0.28899837
7,57,0.3980888415265966,0.48148148148148145,0.31751582
14,11,0.3976489084187468,0.576526130873957,0.45109534
24,89,0.3969239890575409,0.0,0.396924
1,16,0.3960300877594426,0.4613256113256113,0.50912344
4,90,0.3959971280658947,0.8529411764705883,0.45694405
10,127,0.3954706901595705,0.9404761904761904,0.5450055
0,58,0.3952879011631012,0.0,0.3952879
16,71,0.3941073329177275,0.622425629290618,0.2283183
3,90,0.3898305611477958,0.2222222222222222,0.6120528
1,26,0.38952968517939257,0.7916666666666667,0.40213698
50,32,0.389078289270401,0.0,0.3890783
9,55,0.3885626030110177,0.4702380952380952,0.3039124
63,18,0.38540977239608765,0.0,0.38540977
12,109,0.3852296471595764,0.0,0.38522965
5,7,0.3840578309184796,0.3564189189189189,0.38305545
10,121,0.3831345991770082,0.6755706924254977,0.34386432
1,131,0.3831171691417694,0.0,0.38311717
5,4,0.38295019418001175,0.5,0.37640885
14,106,0.38182541728019714,0.0,0.38182542
11,19,0.3816172480583191,1.0,0.61838275
2,88,0.37918374356296325,0.4444444444444444,0.0652607
2,36,0.3761514723300934,0.0,0.37615147
5,178,0.37303978204727173,0.0,0.37303978
12,31,0.3702763319015503,0.0,0.37027633
0,259,0.3677638660411576,0.3817567567567567,0.34553438
9,30,0.3657172700843294,0.7635135135135134,0.39779624
2,2,0.36378211743301814,0.48888888888888893,0.36041528
1,143,0.36097079515457153,0.0,0.3609708
9,22,0.36041291058063507,0.5,0.43746346
65,124,0.3603217601776123,0.0,0.36032176
21,92,0.3559117607537434,0.3370568028462765,0.48590025
36,47,0.3539086950791849,0.2128378378378378,0.56674653
44,22,0.35195672512054443,0.0,0.35195673
1,50,0.3518671382356573,0.10185185185185186,0.453719
0,9,0.3517103554282783,0.44163828374354686,0.35830802
39,25,0.35130112735848673,0.4078947368421053,0.75919586
7,69,0.34813322292433846,0.7222222222222222,0.3900288
1,60,0.3456917703151703,0.0,0.34569177
12,13,0.34547704458236694,0.0,0.34547704
4,206,0.3430536819828881,0.7222222222222222,0.37916854
9,38,0.33987667872792204,0.47619047619047616,0.58807576
0,2,0.339201658199995,0.28596866096866097,0.4323997
1,31,0.33913602294425627,0.2426244343891403,0.50664866
0,120,0.33799202055544453,0.7635135135135134,0.4255215
12,73,0.3363039791584015,0.0,0.33630398
9,43,0.3356919574298707,0.27407579993786885,0.38195643
0,55,0.33245548605918884,0.0,0.3324555
70,65,0.3305666446685791,0.0,0.33056664
14,4,0.32965918921906023,0.4184782608695653,0.2619524
4,49,0.3293574565932863,0.9404761904761904,0.61111873
2,29,0.32901991342569337,0.7240259740259741,0.39500606
12,139,0.32882803512944114,0.7222222222222222,0.39339417
4,19,0.3281702640742995,0.43480382296171766,0.6936193
24,30,0.32639152946926286,0.9404761904761904,0.61408466
22,5,0.32636458426713943,0.0,0.32636458
2,77,0.3252037763595581,1.0,0.6747962
0,7,0.32406451377615586,0.5032796660703638,0.533895
3,209,0.32405784726142883,0.5,0.44523826
19,30,0.32309472892019486,0.4444444444444444,0.76753914
9,71,0.32298061094382235,0.683075933075933,0.36009532
0,94,0.32206794390311605,0.1634615384615385,0.48552948
24,139,0.3219633494552814,0.736842105263158,0.41487876
0,39,0.3203007959184192,0.5658730158730159,0.41667756
26,7,0.3196886479854584,0.0,0.31968865
11,37,0.31808939576148987,0.0,0.3180894
11,87,0.3179616497622596,0.7222222222222222,0.4140995
22,162,0.31675711274147034,0.0,0.3167571
7,62,0.31590963734520805,0.7222222222222222,0.40631258
2,6,0.31454426539007313,0.794973544973545,0.48493922
31,93,0.3140326572789086,0.7222222222222222,0.40818956
39,19,0.31399177180396187,0.2222222222222222,0.536214
10,34,0.31321423529529263,0.6199370453402712,0.5721893
1,27,0.3130052404271232,0.2222222222222222,0.5352275
40,23,0.31202784180641174,0.0,0.31202784
1,42,0.3111601173877716,0.0,0.31116012
22,119,0.31021714376078713,0.2222222222222222,0.53243935
0,220,0.3094416558742523,0.0,0.30944166
47,53,0.3083329278009909,0.6296296296296297,0.3212967
16,115,0.308192597495185,0.7222222222222222,0.44422668
10,55,0.307909669762566,0.2119047619047619,0.51981443
65,24,0.3070702287885878,0.4444444444444444,0.7515147
40,53,0.3069428967105018,0.2222222222222222,0.52916515
16,55,0.3063326801113809,0.44360269360269355,0.43431404
12,26,0.3058899296891121,0.6752450980392156,0.4009443
23,86,0.3052088343070454,0.6471291866028708,0.37066224
5,5,0.3042032107263495,0.5449016563146998,0.33818585
19,51,0.30381845969420207,0.326923076923077,0.63074154
3,99,0.3036473481743424,0.14814814814814814,0.4462842
9,68,0.3035219288440554,0.6247464503042597,0.37697178
5,33,0.30247043681884905,0.5743464052287581,0.52097225
0,16,0.30202747251950846,0.3551677618573036,0.47064382
13,122,0.30107298493385315,0.0,0.30107298
2,72,0.29931719312902355,0.23825136612021858,0.53756857
18,25,0.2992784498553527,0.20394736842105265,0.5032258
18,139,0.29839951202036835,0.6924603174603174,0.3940608
0,43,0.29830662304625793,0.4553839553839553,0.26128882
0,76,0.29819536209106445,0.0,0.29819536
3,33,0.2961975814480531,0.20394736842105265,0.5000059
0,28,0.29581349841271987,0.555050505050505,0.47366923
0,14,0.2953817168092035,0.5014325202478512,0.43762636
2,87,0.29508328437805176,0.0,0.29508328
5,1,0.29455334320850585,0.4542103948025987,0.39760742
27,83,0.2937252892030252,0.2128378378378378,0.5065631
6,50,0.2934348655713571,0.2128378378378378,0.5062727
0,20,0.29229082650938787,0.4353984206443223,0.40822873
2,20,0.29197725653648376,0.0,0.29197726
1,5,0.28961148032415723,0.5338760273542882,0.45647764
5,16,0.28848022825357916,0.6118233618233618,0.3640761
0,18,0.2873517780796348,0.5512967512967513,0.3512244
0,72,0.28679913552034464,0.6452380952380952,0.48165405
0,40,0.28613956325070955,0.403169014084507,0.3183087
19,41,0.2858363530702061,0.6111111111111112,0.4242019
19,131,0.28536562787161934,0.7222222222222222,0.5482737
8,24,0.2850897963698562,0.5323573573573575,0.5591155
94,35,0.28486739264594185,0.7222222222222222,0.44676924
1,37,0.2846538888083564,0.7222222222222222,0.4754953
10,85,0.2830227315425873,0.0,0.28302273
1,67,0.28295312413224716,0.36746760430970954,0.520009
19,76,0.2826521529091729,0.7222222222222222,0.43957007
20,7,0.2811183405889047,0.2128378378378378,0.49395618
0,29,0.2806036934092804,0.6657509157509157,0.40932816
0,19,0.280291442084409,0.42864372469635625,0.4847108
19,48,0.2802709132491032,0.28411306042884993,0.564384
56,7,0.27877306938171387,0.0,0.27877307
3,55,0.2785976098643409,0.7222222222222222,0.5848379
0,21,0.2769132308543675,0.5555555555555556,0.5174381
1,73,0.2766686545477973,0.7222222222222222,0.4489631
9,27,0.27568034000843233,0.41821594321594324,0.36762968
7,16,0.27552898091824907,0.5206106794221549,0.4303037
0,48,0.27533137798309326,0.0,0.27533138
3,46,0.2745080010758506,0.2222222222222222,0.4967302
0,140,0.2738150954246521,0.0,0.2738151
0,129,0.2735100073946847,0.7222222222222222,0.44871223
2,21,0.2735001268210235,0.2962962962962963,0.5697964
1,15,0.2727903573362677,0.14189189189189186,0.41468224
15,29,0.2726292701231109,0.2222222222222222,0.4948515
26,23,0.2720494137869941,0.7222222222222222,0.56375355
5,70,0.2712072564495934,0.7222222222222222,0.45101497
0,52,0.27065966847377043,0.3605130784708249,0.42254618
22,28,0.2699262814389335,0.2222222222222222,0.49214852
84,161,0.2699085490571128,0.2222222222222222,0.49213076
0,37,0.26938498348910767,0.3249067773805405,0.49893308
1,21,0.26905368678889846,0.17526395173453999,0.4248665
0,10,0.26766305506577964,0.57046783625731,0.47222894
4,12,0.26640342719310767,0.3516301661395731,0.36725223
1,1,0.2656176180195622,0.4514525426000836,0.39685553
0,4,0.26417303589559876,0.4245110904372446,0.47516668
1,38,0.2618087139484985,0.5043183940242764,0.38477552
2,5,0.26128144033880896,0.5184065934065935,0.4459901
4,44,0.26042059269444695,0.1982758620689655,0.45869645
7,43,0.26034075021743774,0.0,0.26034075
2,40,0.2596317920191535,0.2672413793103448,0.5268732
1,14,0.25764401990269853,0.6924603174603174,0.44391805
18,32,0.25655985209676957,0.4444444444444444,0.70100427
4,3,0.25518253520742595,0.3247680858922076,0.35209748
1,129,0.2550604906990359,0.4009632507689817,0.3601559
13,48,0.2546373778625261,0.5601309174342882,0.40619057
0,44,0.25430363964603425,0.5196611814258872,0.4359666
1,78,0.25397695246196916,0.9404761904761904,0.68649924
18,9,0.2526769587048539,0.14189189189189186,0.39456883
5,36,0.24947133660316467,0.0,0.24947134
23,30,0.24877194480763543,0.2222222222222222,0.47099417
33,7,0.24787243499475375,0.6323529411764707,0.3844805
1,291,0.24757996201515198,0.6875,0.43992004
11,5,0.24679495400916307,0.38950320512820513,0.40798324
0,61,0.2443755479132543,0.18237704918032785,0.4267526
1,17,0.2441736297579203,0.28359596216739075,0.40804935
1,10,0.24412774458133774,0.24268100992238922,0.38964593
1,40,0.243900202472609,0.611190137505927,0.40178856
12,35,0.24362794741203908,0.20394736842105265,0.44757533
1,2,0.2431791779267827,0.40988675069864994,0.4503294
12,34,0.23966437578201294,0.0,0.23966438
0,57,0.2395259818143481,0.3942772514003322,0.38578582
0,5,0.2388659065561192,0.4095435781007469,0.4314914
63,37,0.23807823657989502,0.1875,0.42557824
1,35,0.23715258030175318,0.6213990776490776,0.42266294
7,30,0.2369866683238592,0.3014102564102564,0.53839695
5,45,0.236612962351905,0.7222222222222222,0.49682415
52,28,0.23605926021149282,0.20394736842105265,0.4400066
59,73,0.23600466052691144,0.2916666666666667,0.35323066
1,23,0.23577730314076295,0.4612573099415205,0.49957383
13,54,0.23569801481901154,0.36844779022198376,0.5294778
0,22,0.2351192906498909,0.4375,0.5171105
74,25,0.23470796289898088,0.9404761904761904,0.7057682
5,34,0.23448769450187684,0.175,0.4094877
1,22,0.23444077595985688,0.4330144488039225,0.49861488
1,68,0.2344091683626175,0.0,0.23440917
1,91,0.23419891166129578,0.4553839553839553,0.38600907
3,45,0.23341244664685482,0.1982758620689655,0.4316883
13,49,0.23322289188702902,0.2962962962962963,0.52432597
6,24,0.23276936734823603,0.5678210678210678,0.4605699
3,6,0.23168818155924478,0.6296296296296297,0.47053537
0,1,0.23062088417668147,0.40232719224169394,0.42765513
1,128,0.23037377574987575,0.2719298245614035,0.5023036
10,45,0.22968190413283698,0.42763845350052243,0.48413107
0,45,0.22954792418038034,0.20617413632119513,0.43572205
0,31,0.22941391567966907,0.4002606258245356,0.49678522
4,70,0.22919676038953996,0.4444444444444444,0.6736412
1,25,0.22837191192727335,0.4078947368421053,0.63626665
0,50,0.2278027254305467,0.09506302521008403,0.32286575
0,17,0.2269002463749332,0.32008650061935456,0.42254362
5,41,0.22667724004498235,0.14814814814814814,0.3748254
2,39,0.22410321123989557,0.5780098280098279,0.39335215
12,6,0.2231453276750369,0.4395940170940171,0.47509727
3,22,0.22237696476468238,0.622425629290618,0.43794817
12,119,0.22226150349898655,0.5135757635757636,0.67837507
12,28,0.22084317935837638,0.2222222222222222,0.41499066
10,68,0.21994874212476945,0.4444444444444444,0.6643932
10,32,0.21983391769417915,0.622425629290618,0.6229124
40,37,0.21963667242150553,0.4078947368421053,0.6275314
9,56,0.21930443620061255,0.6233733733733734,0.46406707
1,89,0.2190708683596717,0.2222222222222222,0.4412931
2,7,0.21894294023513794,0.6296296296296297,0.5699145
11,7,0.21784323579080228,0.35518925518925515,0.43204203
8,0,0.21767690408220705,0.27349649464444464,0.44899377
2,1,0.2175275812419748,0.2697328476017,0.47396794
11,2,0.21721405461495658,0.4134144596101118,0.5147008
3,15,0.21594943592277954,0.2522291522291522,0.46817857
1,43,0.21580647004722567,0.5379201155724659,0.3879416
14,13,0.2157899022102356,0.11666666666666665,0.33245656
12,132,0.2157015311412322,0.19551282051282054,0.41121435
2,61,0.21495522558689117,0.0,0.21495523
27,25,0.21493707399724224,0.683075933075933,0.50284743
2,117,0.21473841771246888,0.6924603174603174,0.4777219
1,47,0.2130289580617984,0.3810044287985464,0.4433312
0,47,0.2127589690379607,0.19551282051282054,0.4082718
1,51,0.21223540080560224,0.6171171171171171,0.41938695
20,27,0.21220723125669694,0.4444444444444444,0.6566517
10,56,0.21022431914828532,0.28130154445943917,0.49152586
22,67,0.2101780641921245,0.6524400095828666,0.48289332
16,59,0.20985782146453857,0.6875,0.47764218
2,9,0.20974141983906663,0.45238095238095233,0.43059298
3,127,0.20852352678775787,0.0,0.20852353
4,23,0.20766404775204658,0.2663067926225821,0.47397086
84,95,0.20735418299833935,0.2916666666666667,0.36815828
2,97,0.2073093205690384,0.0,0.20730932
1,106,0.20721863210201263,0.0,0.20721863
11,81,0.2069806766255584,0.4553839553839553,0.5616818
5,81,0.2065497620238198,0.2222222222222222,0.4000116
18,161,0.2065220341666953,0.4805194805194805,0.3964687
5,173,0.2057625386450026,0.4444444444444444,0.650207
61,37,0.20566657185554504,0.0,0.20566657
0,87,0.20552743077278138,0.5666666666666668,0.48849717
57,75,0.20541123714711929,0.4444444444444444,0.2390332
0,23,0.2046367970760493,0.502499084933429,0.4655966
4,113,0.20429791155490165,0.29671396156264523,0.31420615
3,3,0.20425840809360127,0.3610150327109159,0.4407745
13,15,0.20383529479687038,0.2307692307692307,0.43460453
0,13,0.20356565636359125,0.470298342892356,0.44073057
10,115,0.20331061107141002,0.6296296296296297,0.4527049
7,89,0.20186554304818904,0.5932950645046751,0.4373414
74,139,0.1999859835530501,0.3214295182799119,0.52141553
1,6,0.19989692005793175,0.4895682116930364,0.4301414
9,31,0.19920490891380016,0.3678580057890402,0.33915266
1,7,0.19800127509959323,0.3805884132919017,0.4755112
16,150,0.1977175921201706,0.5,0.45850843
4,8,0.19681828187783232,0.47990628179347794,0.43425506
0,95,0.19616015255451202,0.1875,0.38366014
2,4,0.19507484316790452,0.26694080717069224,0.46201563
0,93,0.19388394674064063,0.6139910813823859,0.4704595
5,53,0.19275393916500938,0.2222222222222222,0.41380978
2,11,0.1926736808614777,0.41303614146228523,0.5145537
3,113,0.19240124117244362,0.8863636363636362,0.6939624
29,7,0.1916562142195525,0.6296296296296297,0.50604224
3,36,0.190249785236896,0.3658730158730158,0.25780448
0,49,0.19003536310634064,0.40809300245919966,0.46026874
1,13,0.1899996160354561,0.36831208455922415,0.4598753
55,151,0.18984440045479017,0.591346153846154,0.4458651
10,30,0.189504377425663,0.6924603174603174,0.509201
0,32,0.18892917380511876,0.4359125126620056,0.40008062
4,50,0.18856295786405863,0.5394736842105263,0.72803664
9,47,0.18840339449484014,0.572050622050622,0.41274455
7,49,0.1884021500985066,0.29004004004004,0.3502328
10,104,0.18800154328346252,0.0,0.18800154
7,37,0.1871942725869563,0.4391209391209391,0.45583487
1,39,0.18667041728380884,0.6253912363067292,0.44659963
3,172,0.1864197624696268,0.2128378378378378,0.3992576
13,37,0.18636781970659894,0.2708333333333333,0.45720115
2,14,0.18582087921631807,0.537012987012987,0.45545805
7,51,0.18515502198788933,0.5491113989171298,0.4385135
2,10,0.18484348414896487,0.24902402402402402,0.4338675
9,37,0.18318781587812638,0.4444444444444444,0.62763226
2,13,0.18194547957801377,0.573311349627139,0.49100366
32,51,0.18160009549723732,0.2222222222222222,0.4038223
7,32,0.1806076467037201,0.0,0.18060765
13,88,0.1795414162648691,0.2128378378378378,0.39237925
3,12,0.17860923167254886,0.4474546747247919,0.529924
0,85,0.17807630304952662,0.24697484369615513,0.42505115
5,25,0.1779026985168457,0.0,0.1779027
7,41,0.176936935337763,0.3829365079365079,0.37765387
7,131,0.17660797304577297,0.5833333333333333,0.48728207
20,5,0.17594526287836904,0.38301282051282054,0.55895805
10,94,0.17479193935523166,0.2128378378378378,0.38762978
21,238,0.1746644940641191,0.4444444444444444,0.26977995
3,89,0.17437813900135182,0.6296296296296297,0.47502184
1,18,0.17413233481309573,0.34899149735215307,0.42366076
1,4,0.17401169463920127,0.33316391440464255,0.39879915
10,28,0.1737721587220828,0.3333333333333333,0.50710547
1,19,0.17332066372219992,0.656019656019656,0.4851261
10,258,0.1721779525279999,0.175,0.34717795
10,119,0.17122406098577714,0.4444444444444444,0.61566854
3,19,0.1700055956601858,0.29004004004004,0.46004567
7,162,0.16975453827116227,0.4444444444444444,0.614199
3,26,0.1694811186543456,0.14189189189189186,0.3019395
12,41,0.1680169250514057,0.4256756756756756,0.5936926
26,5,0.1664721532558932,0.4346757044125465,0.3378359
3,8,0.162213575643032,0.3988594173229148,0.46183342
6,179,0.1620122492313386,0.5000000000000001,0.33798775
1,66,0.16186017471912076,0.28411306042884993,0.43494892
2,50,0.16154966089460587,0.4444444444444444,0.6059941
9,45,0.16147755564992058,0.5486815415821501,0.43888378
13,19,0.16136658725905956,0.5361226611226612,0.51444334
6,0,0.160915352530944,0.39040511716227155,0.46318185
3,38,0.15988176598613987,0.3503163503163504,0.5101981
5,48,0.15893740386798466,0.2672413793103448,0.42617878
2,24,0.15744595817617468,0.46291291291291287,0.40686053
5,87,0.15508653834217886,0.18237704918032785,0.3374636
9,138,0.15484288334846497,0.21875,0.37359288
2,63,0.15478928418488835,0.3286411411411411,0.43043268
35,33,0.15385882044906052,0.3097014925373134,0.4635603
0,6,0.15167115276455528,0.3289173289173289,0.36161324
16,274,0.14999758452177048,0.4444444444444444,0.35017306
5,80,0.14963829517364502,0.4444444444444444,0.5715171
0,35,0.14860039299190886,0.3552109802109802,0.49999917
1,142,0.14803480788281087,0.20394736842105265,0.35198218
2,103,0.14795240739712848,0.2128378378378378,0.36079025
11,103,0.1470251977443695,0.0,0.1470252
0,162,0.14685236193515636,0.6296296296296297,0.48277727
23,49,0.14536791726162557,0.20394736842105265,0.3493153
17,24,0.14517631321622612,0.25679824561403514,0.40197456
12,48,0.14454353620877133,0.2128378378378378,0.27041924
3,124,0.144497047181244,0.46753003003003,0.45070153
23,33,0.14438414242532516,0.3055555555555556,0.4499397
14,5,0.142858624458313,0.1875,0.33035862
21,8,0.14165007770061494,0.51875,0.44203597
9,64,0.14007587827839058,0.5192067067067067,0.44467333
5,51,0.13992327617274392,0.2222222222222222,0.36214548
11,31,0.13926229103404084,0.3725030996004959,0.51176536
10,75,0.1382758335934745,0.2222222222222222,0.36049807
3,70,0.13765501624484242,0.4110927778960565,0.44519734
0,33,0.1365755251648094,0.5703936775365346,0.49756718
2,18,0.13546044354752504,0.39922725449041235,0.44046888
0,138,0.13447967751158607,0.1527777777777778,0.28725746
0,38,0.13441873469970506,0.44725439725439714,0.43273503
4,15,0.12875033683247036,0.5104166666666666,0.46932155
5,37,0.1279623674021827,0.2222222222222222,0.3501846
32,9,0.12718385457992554,0.0,0.12718385
11,22,0.1267512990878178,0.326923076923077,0.45367438
1,29,0.12621548949572625,0.5124946374946375,0.4411859
24,73,0.12455850839614868,0.4444444444444444,0.54772717
0,79,0.12250300162455474,0.2776482392010983,0.40015125
1,97,0.1216825374535152,0.2857142857142857,0.40739682
0,56,0.12106686308447795,0.5057854968720843,0.42732838
18,27,0.12004389518346537,0.3910256410256411,0.51106954
36,19,0.1189032708987211,0.3910256410256411,0.50992894
0,67,0.1185347510708703,0.5555555555555556,0.46268535
1,32,0.11827250455021004,0.5842352092352092,0.47893074
52,119,0.11734646889898515,0.4444444444444444,0.56179094
5,2,0.11720689392497395,0.40766178266178266,0.4084205
56,9,0.11578416365843547,0.326923076923077,0.44270724
38,149,0.11424447693027656,0.29004004004004,0.4042845
10,98,0.11175279730499046,0.4167852062588905,0.528538
0,54,0.11143580246369524,0.45102642632789297,0.39071646
5,99,0.11038424968719485,0.35,0.46038425
3,42,0.11013924448113688,0.4078947368421053,0.518034
17,65,0.1100153914756245,0.3333333333333333,0.44098654
1,138,0.10953720808029177,0.35,0.4595372
4,36,0.10947152319561197,0.21066308243727594,0.31955737
24,124,0.10845911044340861,0.326923076923077,0.4353822
2,42,0.10744819834525199,0.2567811511777029,0.34969664
10,76,0.10550194923524503,0.5370370370370371,0.48075238
29,5,0.10459929108619692,0.35,0.4545993
1,79,0.10407722407373893,0.396551724137931,0.50062895
0,130,0.10185744762420657,0.35,0.45185745
21,117,0.0995721187856462,0.4444444444444444,0.34487233
20,32,0.09786622875776041,0.3910256410256411,0.48889187
2,159,0.09750386741426254,0.4444444444444444,0.34694058
10,71,0.09702080178137001,0.29004004004004,0.3767167
0,78,0.09659910202026367,0.6875,0.5909009
10,16,0.09587518771489463,0.26666666666666666,0.36254185
13,26,0.09421929551495445,0.3402777777777778,0.43449706
10,5,0.09408050491696314,0.3174603174603175,0.41036913
0,100,0.09322511809805967,0.4495356037151703,0.4457724
18,51,0.08939657836663922,0.3647540983606557,0.45415068
1,156,0.08927427232265472,0.0,0.08927427
5,13,0.08875303735604154,0.2128378378378378,0.2777862
23,57,0.08786095410096845,0.3647540983606557,0.45261505
5,58,0.08622967356290567,0.3910256410256411,0.4772553
27,16,0.0859333516822921,0.2222222222222222,0.30815557
1,9,0.0850650577705981,0.3396142492857821,0.3998454
7,72,0.08498389543042528,0.4092342342342342,0.43851823
73,65,0.08360683917999268,0.375,0.45860684
5,38,0.08326327204704287,0.35,0.43326327
5,19,0.08192030169850344,0.3883219204516634,0.47024223
16,98,0.07990384267436135,0.2222222222222222,0.30212605
31,35,0.07929281641088076,0.28033205619412516,0.35962486
26,10,0.07837994956039454,0.43506006006006004,0.5093694
42,32,0.07732503447267747,0.4444444444444444,0.52176946
0,91,0.07556018206450321,0.40878378378378377,0.48434398
25,32,0.07547900411817765,0.4444444444444444,0.51992345
0,15,0.07520574000146651,0.4444444444444444,0.3692387
2,109,0.07146998643875124,0.35,0.42147
5,32,0.07076703398315994,0.4444444444444444,0.4592425
1,130,0.07029148340225222,0.35,0.42029148
1,234,0.06935860866155374,0.3910256410256411,0.46038425
2,16,0.06840749734487284,0.3910256410256411,0.45943314
60,27,0.06730722540464151,0.3910256410256411,0.45833287
21,127,0.06703062395791742,0.4256756756756756,0.35864505
3,44,0.06677664776106146,0.4256756756756756,0.49245232
9,28,0.06659631431102753,0.0,0.066596314
26,15,0.06437301635742188,0.375,0.43937302
5,30,0.06303954859440393,0.3286411411411411,0.38543522
27,22,0.06188443468676674,0.4097222222222222,0.47160667
19,16,0.059191228614913105,0.2222222222222222,0.28141344
37,2,0.05851721136193522,0.4078947368421053,0.46641195
7,14,0.0584676083591249,0.4444444444444444,0.38597685
41,60,0.057867199182510376,0.375,0.4328672
35,45,0.05766558627019061,0.2128378378378378,0.27050343
4,6,0.05762616427321188,0.4078947368421053,0.35026857
7,26,0.05741172490848434,0.2222222222222222,0.26441878
67,63,0.05696161805080768,0.3802521008403361,0.43721372
55,5,0.05612022015783524,0.4444444444444444,0.5005647
1,56,0.05494602190123662,0.4444444444444444,0.38949844
4,46,0.05425196003030849,0.39814814814814814,0.45240012
23,119,0.052489512845089514,0.4078947368421053,0.46038425
11,0,0.05220481890577211,0.43193193193193186,0.43344375
50,25,0.0516533996607807,0.4256756756756756,0.47732908
13,59,0.051029134527476844,0.42049808429118773,0.47152722
1,48,0.050801172852516174,0.0,0.050801173
1,281,0.05078547565560587,0.4078947368421053,0.4586802
2,59,0.04906173010130194,0.4256756756756756,0.4747374
5,18,0.04843901960473307,0.4078947368421053,0.45633376
12,19,0.048113587829801796,0.4444444444444444,0.49255803
9,104,0.046808943555161686,0.4256756756756756,0.37886673
20,59,0.04585371871252325,0.4256756756756756,0.4715294
11,10,0.044496619387676795,0.4078947368421053,0.45239136
30,53,0.043200429942872764,0.4444444444444444,0.401244
33,2,0.041478368971082924,0.4444444444444444,0.4859228
23,32,0.0414627727709318,0.4078947368421053,0.4493575
9,32,0.04111681918840143,0.4256756756756756,0.38455886
0,41,0.04041975459743058,0.42839635854341734,0.45352915
0,227,0.03959520810689676,0.3910256410256411,0.43062085
20,15,0.037981751892301796,0.4444444444444444,0.4824262
1,55,0.03679521381855011,0.4444444444444444,0.46006632
11,16,0.036177608701917885,0.4444444444444444,0.48062205
12,89,0.03524982301812418,0.4078947368421053,0.44314456
57,159,0.034808763547947486,0.4078947368421053,0.4427035
23,16,0.03470857401151922,0.4256756756756756,0.46038425
11,13,0.03470857401151922,0.4256756756756756,0.46038425
15,11,0.03470857401151922,0.4256756756756756,0.46038425
4,47,0.03465959840953606,0.4167852062588905,0.4514448
12,90,0.03395271632406449,0.4444444444444444,0.47839716
0,189,0.03388743142823908,0.4256756756756756,0.39178824
0,246,0.03338840934965348,0.4444444444444444,0.47783285
0,209,0.03251673321466181,0.4256756756756756,0.39315894
11,36,0.031854265928268455,0.35,0.38185427
5,43,0.031639510079434,0.4078947368421053,0.43953425
9,16,0.030825671222474815,0.4444444444444444,0.41361877
21,169,0.029805058240890525,0.35,0.37980506
0,98,0.029762757117631045,0.3647540983606557,0.39451686
11,32,0.029176428511336117,0.4256756756756756,0.4548521
14,35,0.02884651680250433,0.4256756756756756,0.4545222
9,95,0.02846654145805923,0.43193193193193186,0.410805
12,189,0.028348847820952205,0.4256756756756756,0.45402452
10,81,0.027348726987838745,0.4444444444444444,0.46929756
0,68,0.026067641046312096,0.4444444444444444,0.4183768
3,91,0.025316589757015784,0.4078947368421053,0.43321133
0,99,0.0248134997155931,0.4444444444444444,0.41963094
13,16,0.023088965151045082,0.4444444444444444,0.4675334
52,72,0.022735688421461342,0.4444444444444444,0.46718013
0,86,0.0227326597716358,0.4256756756756756,0.44840834
0,106,0.02270207140180802,0.4444444444444444,0.46714652
25,4,0.02189752128389144,0.4444444444444444,0.42254692
1,28,0.02154301666282679,0.43506006006006004,0.4429203
0,30,0.0214567329432514,0.4256756756756756,0.4471324
26,13,0.02141830656263566,0.4444444444444444,0.46586275
0,26,0.019839983983118,0.36816939890710376,0.3516982
25,95,0.019102394580841064,0.4444444444444444,0.4616791
11,78,0.017847809526655434,0.4444444444444444,0.46229225
29,13,0.016459337411782626,0.3910256410256411,0.40748498
42,95,0.015763762924406288,0.4444444444444444,0.4602082
25,86,0.015263822343614342,0.4444444444444444,0.42918062
1,109,0.014643636014726402,0.4444444444444444,0.4298008
24,4,0.014613595273759605,0.4444444444444444,0.42983085
30,51,0.014435380697250366,0.375,0.38943538
0,134,0.014303556619546298,0.3910256410256411,0.4053292
31,90,0.014195952150556801,0.4444444444444444,0.4586404
1,223,0.01399414201040533,0.4256756756756756,0.43966982
7,91,0.013486084010865929,0.4444444444444444,0.43095836
16,32,0.013285216357972862,0.4444444444444444,0.43115923
0,73,0.012548696663644554,0.4444444444444444,0.43189573
5,15,0.011812272999021767,0.4444444444444444,0.45625672
22,86,0.011140528652403114,0.4444444444444444,0.45558497
1,250,0.0102114710542891,0.4444444444444444,0.45465592
12,37,0.009919187961480502,0.3910256410256411,0.40094483
3,21,0.009524751040670631,0.4444444444444444,0.45396918
5,185,0.009462151262495277,0.4444444444444444,0.4539066
1,230,0.009448710415098427,0.4444444444444444,0.45389315
5,161,0.009369337925681814,0.43506006006006004,0.43697524
2,76,0.009342208907410832,0.4256756756756756,0.41633347
13,72,0.008183177974488975,0.4444444444444444,0.43626127
27,75,0.008180174562666176,0.4444444444444444,0.45262462
77,41,0.008055064413282631,0.4444444444444444,0.4524995
2,242,0.007058468129899742,0.4444444444444444,0.43738598
59,61,0.007033431813830482,0.3452380952380952,0.35227153
12,23,0.007030930784013512,0.4444444444444444,0.4374135
0,101,0.006231344059894006,0.4078947368421053,0.4016634
5,6,0.006045569335260681,0.3548387096774194,0.36088428
0,104,0.005871650245454552,0.4444444444444444,0.4385728
0,111,0.005613181326124428,0.4444444444444444,0.45005763
12,91,0.005425992939207314,0.4444444444444444,0.44987044
39,42,0.005167755815717934,0.4444444444444444,0.4496122
24,65,0.005019452836778404,0.4444444444444444,0.439425
24,7,0.004887339141633751,0.4444444444444444,0.4395571
28,107,0.004605862829420326,0.4444444444444444,0.4490503
32,15,0.003412697050306557,0.4444444444444444,0.44785714
6,70,0.0033498671319749374,0.4444444444444444,0.44109458
2,43,0.0031130578782823104,0.4444444444444444,0.4413314
0,188,0.0027310583326551896,0.4444444444444444,0.4471755
2,67,0.0021522310045030135,0.4444444444444444,0.4422922
6,114,0.0017428245093372152,0.4256756756756756,0.4274185
76,52,0.0015842053625318986,0.4444444444444444,0.44602865
